HR,O2Sat,Temp,SBP,MAP,DBP,Resp,EtCO2,BaseExcess,HCO3,FiO2,pH,PaCO2,SaO2,AST,BUN,Alkalinephos,Calcium,Chloride,Creatinine,Bilirubin_direct,Glucose,Lactate,Magnesium,Phosphate,Potassium,Bilirubin_total,TroponinI,Hct,Hgb,PTT,WBC,Fibrinogen,Platelets,Age,Gender,Unit1,Unit2,HospAdmTime,ICULOS,SepsisLabel
83.65630946807742,97.17003578587763,36.84192239432187,123.38778872865973,82.67639305448837,64.26301935423207,18.527826102185585,33.01797890389659,-0.4417243445946352,24.38258655773773,0.747839001148978,7.382163097233277,40.88197615783072,93.89014008539571,133.7416625571634,22.06750763610418,99.02910735754404,8.020995835799816,105.53943436767558,1.4490395840729509,1.183078810299926,131.9964741601981,2.135063857468564,2.024537635131445,3.549027509367438,4.095813236194699,1.400835239651242,5.5086221968864555,32.060504635086524,10.714644261943477,37.449985075703985,11.084414668646867,303.159391574033,207.25775155125098,61.51233200000001,0.5642,0.49204265791632484,0.5079573420836752,-52.705446544654464,20.23735,0.026999219342959065
