HR,O2Sat,Temp,SBP,MAP,DBP,Resp,EtCO2,BaseExcess,HCO3,FiO2,pH,PaCO2,SaO2,AST,BUN,Alkalinephos,Calcium,Chloride,Creatinine,Bilirubin_direct,Glucose,Lactate,Magnesium,Phosphate,Potassium,Bilirubin_total,TroponinI,Hct,Hgb,PTT,WBC,Fibrinogen,Platelets,Age,Gender,Unit1,Unit2,HospAdmTime,ICULOS,SepsisLabel
14.554184376415103,2.039608270916563,0.5469566354452552,17.835648969425208,12.627870498815737,10.970274629268962,3.3482263797101384,10.420487482014137,3.8268368241030837,3.8657660632098496,14.940274838606387,0.061761337425713325,8.063755403723265,7.351141894765736,506.2993310182641,17.74128156272106,126.36854916351597,1.417096121304607,5.173794436371726,1.8019992074854434,2.755098395136587,37.82674044841567,1.7242463334794025,0.32320534971461246,1.2124767542778099,0.4969902091693409,2.7674467536443554,17.30844922238905,5.415872677523174,1.8851236276924177,19.46664943039335,5.998997444548049,159.02641577119806,99.43616631693051,16.463865367770133,0.49588602550891625,0.49997769377695517,0.49997769377695517,142.6321211474285,11.30437609376948,0.13096503076453092
